{
  "age_0-10": {
    "amount": 50123,
    "percent": 17.901071428571428571428571428571,
    "pieChartColor": "#9205FA"
  },
  "age_11-20": {
    "amount": 55000,
    "percent": 19.642857142857142857142857142857,
    "pieChartColor": "#17FA05"
  },
  "age_21-35": {
    "amount": 75000,
    "percent": 26.785714285714285714285714285714,
    "pieChartColor": "#05E4FA"
  },
  "age_36-50": {
    "amount": 41000,
    "percent": 14.642857142857142857142857142857,
    "pieChartColor": "#FA0535"
  },
  "age_51-65": {
    "amount": 24236,
    "percent": 8.6557142857142857142857142857143,
    "pieChartColor": "#FAC305"
  },
  "age_66-75": {
    "amount": 34641,
    "percent": 12.371785714285714285714285714286,
    "pieChartColor": "#17FA05"
  }
}

